price,location_id_real,location_id_aggregated,year,quarter,is_real
131.85,0,,2020,1 ,true
115.49,1,,2020,1 ,true
135.54,2,,2020,1 ,true
109.13,3,,2020,1 ,true
149.0,4,,2020,1 ,true
133.8,5,,2020,1 ,true
118.36,6,,2020,1 ,true
122.01,7,,2020,1 ,true
122.01,,0,2020,1 ,false
122.06,,1,2020,1 ,false
135.98,8,,2020,1 ,true
126.92,9,,2020,1 ,true
123.49,10,,2020,1 ,true
124.15,,2,2020,1 ,false
104.28,11,,2020,1 ,true
113.87,12,,2020,1 ,true
128.25,13,,2020,1 ,true
178.74,14,,2020,1 ,true
134.3,15,,2020,1 ,true
153.05,16,,2020,1 ,true
99.4,17,,2020,1 ,true
137.26,18,,2020,1 ,true
142.67,19,,2020,1 ,true
145.77,20,,2020,1 ,true
125.06,21,,2020,1 ,true
137.84,22,,2020,1 ,true
122.18,23,,2020,1 ,true
131.66,24,,2020,1 ,true
151.67,25,,2020,1 ,true
129.62,26,,2020,1 ,true
120.2,27,,2020,1 ,true
132.99,28,,2020,1 ,true
143.02,29,,2020,1 ,true
155.4,30,,2020,1 ,true
117.52,31,,2020,1 ,true
1.6,31,,2020,1 ,true
-0.1,31,,2020,1 ,true
1.2,31,,2020,1 ,true
-0.8,32,,2020,1 ,true
2.5,32,,2020,1 ,true
1.8,32,,2020,1 ,true
0.8,32,,2020,1 ,true
1.7,32,,2020,1 ,true
1.1,32,,2020,1 ,true
1.1,,2,2020,1 ,false
1.1,,2,2020,1 ,false
4.8,32,,2020,1 ,true
1.2,32,,2020,1 ,true
1.4,32,,2020,1 ,true
1.4,,2,2020,1 ,false
1.0,32,,2020,1 ,true
1.0,32,,2020,1 ,true
2.7,32,,2020,1 ,true
4.0,32,,2020,1 ,true
-0.8,32,,2020,1 ,true
0.9,32,,2020,1 ,true
0.9,32,,2020,1 ,true
2.6,32,,2020,1 ,true
4.0,32,,2020,1 ,true
0.7,32,,2020,1 ,true
-4.4,32,,2020,1 ,true
1.7,32,,2020,1 ,true
1.8,32,,2020,1 ,true
3.6,32,,2020,1 ,true
3.8,32,,2020,1 ,true
3.3,32,,2020,1 ,true
1.2,32,,2020,1 ,true
1.0,32,,2020,1 ,true
4.0,32,,2020,1 ,true
5.6,32,,2020,1 ,true
0.0,32,,2020,1 ,true
7.7,32,,2020,1 ,true
3.5,32,,2020,1 ,true
4.7,32,,2020,1 ,true
1.6,32,,2020,1 ,true
1.1,32,,2020,1 ,true
8.6,32,,2020,1 ,true
7.4,32,,2020,1 ,true
2.0,32,,2020,1 ,true
5.2,32,,2020,1 ,true
5.2,,2,2020,1 ,false
5.2,,2,2020,1 ,false
11.5,32,,2020,1 ,true
3.3,32,,2020,1 ,true
5.4,32,,2020,1 ,true
5.7,,2,2020,1 ,false
1.2,32,,2020,1 ,true
4.9,32,,2020,1 ,true
9.1,32,,2020,1 ,true
8.3,32,,2020,1 ,true
1.0,32,,2020,1 ,true
4.7,32,,2020,1 ,true
1.7,32,,2020,1 ,true
6.2,32,,2020,1 ,true
14.1,32,,2020,1 ,true
8.8,32,,2020,1 ,true
5.5,32,,2020,1 ,true
6.3,32,,2020,1 ,true
3.1,32,,2020,1 ,true
11.3,32,,2020,1 ,true
10.6,32,,2020,1 ,true
8.1,32,,2020,1 ,true
4.5,32,,2020,1 ,true
4.7,32,,2020,1 ,true
13.1,32,,2020,1 ,true
15.0,32,,2020,1 ,true
2.0,32,,2020,1 ,true
135.02,0,,2020,2 ,true
117.04,1,,2020,2 ,true
134.07,2,,2020,2 ,true
109.48,3,,2020,2 ,true
151.5,4,,2020,2 ,true
136.2,5,,2020,2 ,true
120.35,6,,2020,2 ,true
123.99,7,,2020,2 ,true
123.99,,0,2020,2 ,false
124.04,,1,2020,2 ,false
128.1,8,,2020,2 ,true
126.98,9,,2020,2 ,true
125.32,10,,2020,2 ,true
125.99,,2,2020,2 ,false
105.36,11,,2020,2 ,true
115.52,12,,2020,2 ,true
130.57,13,,2020,2 ,true
174.9,14,,2020,2 ,true
134.15,15,,2020,2 ,true
156.3,16,,2020,2 ,true
102.4,17,,2020,2 ,true
140.25,18,,2020,2 ,true
148.74,19,,2020,2 ,true
142.3,20,,2020,2 ,true
127.57,21,,2020,2 ,true
141.11,22,,2020,2 ,true
125.53,23,,2020,2 ,true
134.31,24,,2020,2 ,true
154.34,25,,2020,2 ,true
129.77,26,,2020,2 ,true
120.3,27,,2020,2 ,true
135.56,28,,2020,2 ,true
143.75,29,,2020,2 ,true
172.9,30,,2020,2 ,true
117.58,31,,2020,2 ,true
2.4,31,,2020,2 ,true
1.3,31,,2020,2 ,true
-1.1,31,,2020,2 ,true
1.4,32,,2020,2 ,true
0.3,32,,2020,2 ,true
1.7,32,,2020,2 ,true
1.8,32,,2020,2 ,true
1.7,32,,2020,2 ,true
1.6,32,,2020,2 ,true
1.6,,2,2020,2 ,false
1.6,,2,2020,2 ,false
-5.8,32,,2020,2 ,true
0.0,32,,2020,2 ,true
1.5,32,,2020,2 ,true
1.5,,2,2020,2 ,false
1.0,32,,2020,2 ,true
1.4,32,,2020,2 ,true
1.8,32,,2020,2 ,true
-2.1,32,,2020,2 ,true
-0.1,32,,2020,2 ,true
2.1,32,,2020,2 ,true
3.0,32,,2020,2 ,true
2.2,32,,2020,2 ,true
4.3,32,,2020,2 ,true
-2.4,32,,2020,2 ,true
2.0,32,,2020,2 ,true
2.4,32,,2020,2 ,true
2.7,32,,2020,2 ,true
2.0,32,,2020,2 ,true
1.8,32,,2020,2 ,true
0.1,32,,2020,2 ,true
0.1,32,,2020,2 ,true
1.9,32,,2020,2 ,true
0.5,32,,2020,2 ,true
11.3,32,,2020,2 ,true
0.1,32,,2020,2 ,true
6.8,32,,2020,2 ,true
4.5,32,,2020,2 ,true
2.9,32,,2020,2 ,true
2.5,32,,2020,2 ,true
-2.9,32,,2020,2 ,true
7.8,32,,2020,2 ,true
6.6,32,,2020,2 ,true
1.4,32,,2020,2 ,true
5.0,32,,2020,2 ,true
5.0,,2,2020,2 ,false
5.0,,2,2020,2 ,false
4.0,32,,2020,2 ,true
2.2,32,,2020,2 ,true
5.2,32,,2020,2 ,true
5.3,,2,2020,2 ,false
0.6,32,,2020,2 ,true
5.2,32,,2020,2 ,true
8.3,32,,2020,2 ,true
2.6,32,,2020,2 ,true
0.3,32,,2020,2 ,true
6.2,32,,2020,2 ,true
3.3,32,,2020,2 ,true
7.0,32,,2020,2 ,true
13.2,32,,2020,2 ,true
1.5,32,,2020,2 ,true
3.9,32,,2020,2 ,true
7.1,32,,2020,2 ,true
3.2,32,,2020,2 ,true
10.9,32,,2020,2 ,true
9.7,32,,2020,2 ,true
6.6,32,,2020,2 ,true
3.3,32,,2020,2 ,true
5.2,32,,2020,2 ,true
9.7,32,,2020,2 ,true
25.7,32,,2020,2 ,true
1.4,32,,2020,2 ,true
138.71,0,,2020,3 ,true
119.62,1,,2020,3 ,true
138.81,2,,2020,3 ,true
104.21,3,,2020,3 ,true
155.4,4,,2020,3 ,true
140.3,5,,2020,3 ,true
126.24,6,,2020,3 ,true
125.65,7,,2020,3 ,true
125.65,,0,2020,3 ,false
125.68,,1,2020,3 ,false
131.08,8,,2020,3 ,true
128.56,9,,2020,3 ,true
127.09,10,,2020,3 ,true
127.77,,2,2020,3 ,false
105.79,11,,2020,3 ,true
117.8,12,,2020,3 ,true
129.75,13,,2020,3 ,true
181.59,14,,2020,3 ,true
134.55,15,,2020,3 ,true
159.19,16,,2020,3 ,true
99.8,17,,2020,3 ,true
140.85,18,,2020,3 ,true
152.97,19,,2020,3 ,true
147.08,20,,2020,3 ,true
129.81,21,,2020,3 ,true
144.59,22,,2020,3 ,true
128.18,23,,2020,3 ,true
137.06,24,,2020,3 ,true
153.61,25,,2020,3 ,true
126.38,26,,2020,3 ,true
122.95,27,,2020,3 ,true
135.65,28,,2020,3 ,true
145.93,29,,2020,3 ,true
181.8,30,,2020,3 ,true
121.15,31,,2020,3 ,true
2.7,31,,2020,3 ,true
2.2,31,,2020,3 ,true
3.5,31,,2020,3 ,true
0.2,32,,2020,3 ,true
-4.8,32,,2020,3 ,true
2.6,32,,2020,3 ,true
3.0,32,,2020,3 ,true
4.9,32,,2020,3 ,true
1.3,32,,2020,3 ,true
1.3,,2,2020,3 ,false
1.3,,2,2020,3 ,false
2.3,32,,2020,3 ,true
1.2,32,,2020,3 ,true
1.4,32,,2020,3 ,true
1.4,,2,2020,3 ,false
0.4,32,,2020,3 ,true
2.0,32,,2020,3 ,true
-0.6,32,,2020,3 ,true
3.8,32,,2020,3 ,true
0.3,32,,2020,3 ,true
1.8,32,,2020,3 ,true
-2.5,32,,2020,3 ,true
0.4,32,,2020,3 ,true
2.8,32,,2020,3 ,true
3.4,32,,2020,3 ,true
1.8,32,,2020,3 ,true
2.5,32,,2020,3 ,true
2.1,32,,2020,3 ,true
2.0,32,,2020,3 ,true
-0.5,32,,2020,3 ,true
-2.6,32,,2020,3 ,true
2.2,32,,2020,3 ,true
0.1,32,,2020,3 ,true
1.5,32,,2020,3 ,true
5.1,32,,2020,3 ,true
3.0,32,,2020,3 ,true
8.5,32,,2020,3 ,true
3.2,32,,2020,3 ,true
5.2,32,,2020,3 ,true
2.6,32,,2020,3 ,true
-1.4,32,,2020,3 ,true
8.4,32,,2020,3 ,true
8.3,32,,2020,3 ,true
6.2,32,,2020,3 ,true
5.0,32,,2020,3 ,true
5.0,,2,2020,3 ,false
5.0,,2,2020,3 ,false
3.9,32,,2020,3 ,true
1.8,32,,2020,3 ,true
5.1,32,,2020,3 ,true
5.3,,2,2020,3 ,false
1.7,32,,2020,3 ,true
4.9,32,,2020,3 ,true
6.9,32,,2020,3 ,true
4.8,32,,2020,3 ,true
-0.8,32,,2020,3 ,true
7.4,32,,2020,3 ,true
1.0,32,,2020,3 ,true
6.4,32,,2020,3 ,true
13.8,32,,2020,3 ,true
1.7,32,,2020,3 ,true
2.7,32,,2020,3 ,true
8.4,32,,2020,3 ,true
6.4,32,,2020,3 ,true
10.9,32,,2020,3 ,true
6.9,32,,2020,3 ,true
2.3,32,,2020,3 ,true
3.7,32,,2020,3 ,true
3.3,32,,2020,3 ,true
8.5,32,,2020,3 ,true
27.4,32,,2020,3 ,true
2.7,32,,2020,3 ,true
139.66,0,,2020,4 ,true
122.23,1,,2020,4 ,true
141.23,2,,2020,4 ,true
109.1,3,,2020,4 ,true
159.5,4,,2020,4 ,true
144.3,5,,2020,4 ,true
128.98,6,,2020,4 ,true
127.41,7,,2020,4 ,true
127.41,,0,2020,4 ,false
127.45,,1,2020,4 ,false
136.01,8,,2020,4 ,true
127.55,9,,2020,4 ,true
128.84,10,,2020,4 ,true
129.53,,2,2020,4 ,false
106.95,11,,2020,4 ,true
119.27,12,,2020,4 ,true
132.95,13,,2020,4 ,true
179.08,14,,2020,4 ,true
136.28,15,,2020,4 ,true
162.62,16,,2020,4 ,true
100.0,17,,2020,4 ,true
146.35,18,,2020,4 ,true
160.08,19,,2020,4 ,true
147.92,20,,2020,4 ,true
133.01,21,,2020,4 ,true
147.44,22,,2020,4 ,true
128.54,23,,2020,4 ,true
138.42,24,,2020,4 ,true
157.69,25,,2020,4 ,true
127.97,26,,2020,4 ,true
124.99,27,,2020,4 ,true
138.43,28,,2020,4 ,true
147.53,29,,2020,4 ,true
191.9,30,,2020,4 ,true
,31,,2020,4 ,true
0.7,31,,2020,4 ,true
2.2,31,,2020,4 ,true
1.7,31,,2020,4 ,true
2.3,32,,2020,4 ,true
4.7,32,,2020,4 ,true
2.6,32,,2020,4 ,true
2.9,32,,2020,4 ,true
2.2,32,,2020,4 ,true
1.4,32,,2020,4 ,true
1.4,,2,2020,4 ,false
1.4,,2,2020,4 ,false
3.8,32,,2020,4 ,true
-0.8,32,,2020,4 ,true
1.4,32,,2020,4 ,true
1.4,,2,2020,4 ,false
1.1,32,,2020,4 ,true
1.2,32,,2020,4 ,true
2.5,32,,2020,4 ,true
-1.4,32,,2020,4 ,true
1.3,32,,2020,4 ,true
2.2,32,,2020,4 ,true
0.2,32,,2020,4 ,true
3.9,32,,2020,4 ,true
4.6,32,,2020,4 ,true
0.6,32,,2020,4 ,true
2.5,32,,2020,4 ,true
2.0,32,,2020,4 ,true
0.3,32,,2020,4 ,true
1.0,32,,2020,4 ,true
2.7,32,,2020,4 ,true
1.3,32,,2020,4 ,true
1.7,32,,2020,4 ,true
2.0,32,,2020,4 ,true
1.1,32,,2020,4 ,true
5.6,32,,2020,4 ,true
,32,,2020,4 ,true
7.6,32,,2020,4 ,true
5.7,32,,2020,4 ,true
5.4,32,,2020,4 ,true
3.1,32,,2020,4 ,true
2.4,32,,2020,4 ,true
8.9,32,,2020,4 ,true
8.7,32,,2020,4 ,true
10.8,32,,2020,4 ,true
5.5,32,,2020,4 ,true
5.5,,2,2020,4 ,false
5.5,,2,2020,4 ,false
4.8,32,,2020,4 ,true
1.7,32,,2020,4 ,true
5.8,32,,2020,4 ,true
5.8,,2,2020,4 ,false
3.5,32,,2020,4 ,true
5.8,32,,2020,4 ,true
6.4,32,,2020,4 ,true
4.2,32,,2020,4 ,true
0.7,32,,2020,4 ,true
7.2,32,,2020,4 ,true
1.5,32,,2020,4 ,true
9.4,32,,2020,4 ,true
16.7,32,,2020,4 ,true
2.2,32,,2020,4 ,true
1.6,32,,2020,4 ,true
8.7,32,,2020,4 ,true
7.1,32,,2020,4 ,true
8.9,32,,2020,4 ,true
8.0,32,,2020,4 ,true
2.0,32,,2020,4 ,true
5.3,32,,2020,4 ,true
5.2,32,,2020,4 ,true
7.2,32,,2020,4 ,true
30.4,32,,2020,4 ,true
,32,,2020,4 ,true
144.7,0,,2021,1 ,true
123.49,1,,2021,1 ,true
145.72,2,,2021,1 ,true
102.84,3,,2021,1 ,true
168.9,4,,2021,1 ,true
146.3,5,,2021,1 ,true
135.02,6,,2021,1 ,true
129.2,7,,2021,1 ,true
129.2,,0,2021,1 ,false
129.24,,1,2021,1 ,false
144.93,8,,2021,1 ,true
128.12,9,,2021,1 ,true
131.2,10,,2021,1 ,true
131.91,,2,2021,1 ,false
108.57,11,,2021,1 ,true
120.15,12,,2021,1 ,true
134.19,13,,2021,1 ,true
195.95,14,,2021,1 ,true
138.34,15,,2021,1 ,true
166.26,16,,2021,1 ,true
101.1,17,,2021,1 ,true
153.69,18,,2021,1 ,true
167.17,19,,2021,1 ,true
149.97,20,,2021,1 ,true
130.82,21,,2021,1 ,true
153.34,22,,2021,1 ,true
134.2,23,,2021,1 ,true
141.16,24,,2021,1 ,true
161.7,25,,2021,1 ,true
131.45,26,,2021,1 ,true
128.9,27,,2021,1 ,true
142.65,28,,2021,1 ,true
145.81,29,,2021,1 ,true
205.1,30,,2021,1 ,true
,31,,2021,1 ,true
3.6,31,,2021,1 ,true
1.0,31,,2021,1 ,true
3.2,31,,2021,1 ,true
-0.1,32,,2021,1 ,true
-5.7,32,,2021,1 ,true
5.9,32,,2021,1 ,true
1.4,32,,2021,1 ,true
4.7,32,,2021,1 ,true
1.4,32,,2021,1 ,true
1.4,,2,2021,1 ,false
1.4,,2,2021,1 ,false
6.6,32,,2021,1 ,true
0.4,32,,2021,1 ,true
1.8,32,,2021,1 ,true
1.8,,2,2021,1 ,false
1.5,32,,2021,1 ,true
0.7,32,,2021,1 ,true
0.9,32,,2021,1 ,true
9.4,32,,2021,1 ,true
1.5,32,,2021,1 ,true
2.2,32,,2021,1 ,true
1.1,32,,2021,1 ,true
5.0,32,,2021,1 ,true
4.4,32,,2021,1 ,true
1.4,32,,2021,1 ,true
-1.6,32,,2021,1 ,true
4.0,32,,2021,1 ,true
4.4,32,,2021,1 ,true
2.0,32,,2021,1 ,true
2.5,32,,2021,1 ,true
2.7,32,,2021,1 ,true
3.1,32,,2021,1 ,true
3.0,32,,2021,1 ,true
-1.2,32,,2021,1 ,true
6.9,32,,2021,1 ,true
,32,,2021,1 ,true
9.7,32,,2021,1 ,true
6.9,32,,2021,1 ,true
7.5,32,,2021,1 ,true
3.9,32,,2021,1 ,true
-5.8,32,,2021,1 ,true
13.4,32,,2021,1 ,true
9.3,32,,2021,1 ,true
14.1,32,,2021,1 ,true
5.9,32,,2021,1 ,true
5.9,,2,2021,1 ,false
5.9,,2,2021,1 ,false
6.6,32,,2021,1 ,true
0.9,32,,2021,1 ,true
6.2,32,,2021,1 ,true
6.3,,2,2021,1 ,false
4.1,32,,2021,1 ,true
5.5,32,,2021,1 ,true
4.6,32,,2021,1 ,true
9.6,32,,2021,1 ,true
3.0,32,,2021,1 ,true
8.6,32,,2021,1 ,true
1.7,32,,2021,1 ,true
12.0,32,,2021,1 ,true
17.2,32,,2021,1 ,true
2.9,32,,2021,1 ,true
4.6,32,,2021,1 ,true
11.2,32,,2021,1 ,true
9.8,32,,2021,1 ,true
7.2,32,,2021,1 ,true
6.6,32,,2021,1 ,true
1.4,32,,2021,1 ,true
7.2,32,,2021,1 ,true
7.3,32,,2021,1 ,true
2.0,32,,2021,1 ,true
32.0,32,,2021,1 ,true
,32,,2021,1 ,true
150.95,0,,2021,2 ,true
125.71,1,,2021,2 ,true
146.23,2,,2021,2 ,true
104.23,3,,2021,2 ,true
177.6,4,,2021,2 ,true
151.8,5,,2021,2 ,true
138.87,6,,2021,2 ,true
132.72,7,,2021,2 ,true
132.72,,0,2021,2 ,false
132.77,,1,2021,2 ,false
148.69,8,,2021,2 ,true
131.15,9,,2021,2 ,true
134.88,10,,2021,2 ,true
135.6,,2,2021,2 ,false
111.18,11,,2021,2 ,true
122.12,12,,2021,2 ,true
139.03,13,,2021,2 ,true
204.4,14,,2021,2 ,true
141.65,15,,2021,2 ,true
174.99,16,,2021,2 ,true
102.8,17,,2021,2 ,true
158.87,18,,2021,2 ,true
168.74,19,,2021,2 ,true
159.51,20,,2021,2 ,true
134.42,21,,2021,2 ,true
159.47,22,,2021,2 ,true
138.47,23,,2021,2 ,true
145.5,24,,2021,2 ,true
166.4,25,,2021,2 ,true
133.61,26,,2021,2 ,true
133.44,27,,2021,2 ,true
149.21,28,,2021,2 ,true
150.57,29,,2021,2 ,true
223.4,30,,2021,2 ,true
,31,,2021,2 ,true
4.3,31,,2021,2 ,true
1.8,31,,2021,2 ,true
0.3,31,,2021,2 ,true
2.2,32,,2021,2 ,true
1.4,32,,2021,2 ,true
5.2,32,,2021,2 ,true
3.8,32,,2021,2 ,true
2.9,32,,2021,2 ,true
2.7,32,,2021,2 ,true
2.7,,2,2021,2 ,false
2.7,,2,2021,2 ,false
2.6,32,,2021,2 ,true
2.4,32,,2021,2 ,true
2.8,32,,2021,2 ,true
2.8,,2,2021,2 ,false
2.4,32,,2021,2 ,true
1.6,32,,2021,2 ,true
3.6,32,,2021,2 ,true
4.3,32,,2021,2 ,true
2.4,32,,2021,2 ,true
5.3,32,,2021,2 ,true
1.7,32,,2021,2 ,true
3.4,32,,2021,2 ,true
0.9,32,,2021,2 ,true
6.4,32,,2021,2 ,true
2.8,32,,2021,2 ,true
4.0,32,,2021,2 ,true
3.2,32,,2021,2 ,true
3.1,32,,2021,2 ,true
2.9,32,,2021,2 ,true
1.6,32,,2021,2 ,true
3.5,32,,2021,2 ,true
4.6,32,,2021,2 ,true
3.3,32,,2021,2 ,true
8.9,32,,2021,2 ,true
,32,,2021,2 ,true
11.8,32,,2021,2 ,true
7.4,32,,2021,2 ,true
9.1,32,,2021,2 ,true
4.7,32,,2021,2 ,true
-4.8,32,,2021,2 ,true
17.2,32,,2021,2 ,true
11.5,32,,2021,2 ,true
15.4,32,,2021,2 ,true
7.0,32,,2021,2 ,true
7.0,,2,2021,2 ,false
7.0,,2,2021,2 ,false
16.1,32,,2021,2 ,true
3.3,32,,2021,2 ,true
7.6,32,,2021,2 ,true
7.6,,2,2021,2 ,false
5.5,32,,2021,2 ,true
5.7,32,,2021,2 ,true
6.5,32,,2021,2 ,true
16.9,32,,2021,2 ,true
5.6,32,,2021,2 ,true
12.0,32,,2021,2 ,true
0.4,32,,2021,2 ,true
13.3,32,,2021,2 ,true
13.4,32,,2021,2 ,true
12.1,32,,2021,2 ,true
5.4,32,,2021,2 ,true
13.0,32,,2021,2 ,true
10.3,32,,2021,2 ,true
8.3,32,,2021,2 ,true
7.8,32,,2021,2 ,true
3.0,32,,2021,2 ,true
10.9,32,,2021,2 ,true
10.1,32,,2021,2 ,true
4.7,32,,2021,2 ,true
29.2,32,,2021,2 ,true
,32,,2021,2 ,true
156.26,0,,2021,3 ,true
129.42,1,,2021,3 ,true
150.9,2,,2021,3 ,true
106.8,3,,2021,3 ,true
189.8,4,,2021,3 ,true
158.2,5,,2021,3 ,true
140.44,6,,2021,3 ,true
137.01,7,,2021,3 ,true
137.01,,0,2021,3 ,false
137.05,,1,2021,3 ,false
153.71,8,,2021,3 ,true
133.92,9,,2021,3 ,true
139.09,10,,2021,3 ,true
139.84,,2,2021,3 ,false
110.92,11,,2021,3 ,true
126.11,12,,2021,3 ,true
141.44,13,,2021,3 ,true
211.94,14,,2021,3 ,true
148.81,15,,2021,3 ,true
180.92,16,,2021,3 ,true
103.9,17,,2021,3 ,true
167.44,18,,2021,3 ,true
173.22,19,,2021,3 ,true
165.31,20,,2021,3 ,true
137.52,21,,2021,3 ,true
168.82,22,,2021,3 ,true
139.48,23,,2021,3 ,true
149.28,24,,2021,3 ,true
171.3,25,,2021,3 ,true
133.78,26,,2021,3 ,true
136.89,27,,2021,3 ,true
153.15,28,,2021,3 ,true
157.66,29,,2021,3 ,true
246.5,30,,2021,3 ,true
,31,,2021,3 ,true
3.5,31,,2021,3 ,true
3.0,31,,2021,3 ,true
3.2,31,,2021,3 ,true
2.4,32,,2021,3 ,true
2.5,32,,2021,3 ,true
6.9,32,,2021,3 ,true
4.2,32,,2021,3 ,true
1.1,32,,2021,3 ,true
3.2,32,,2021,3 ,true
3.2,,2,2021,3 ,false
3.2,,2,2021,3 ,false
3.4,32,,2021,3 ,true
2.1,32,,2021,3 ,true
3.1,32,,2021,3 ,true
3.1,,2,2021,3 ,false
-0.2,32,,2021,3 ,true
3.3,32,,2021,3 ,true
1.7,32,,2021,3 ,true
3.7,32,,2021,3 ,true
5.1,32,,2021,3 ,true
3.4,32,,2021,3 ,true
1.1,32,,2021,3 ,true
5.4,32,,2021,3 ,true
2.7,32,,2021,3 ,true
3.6,32,,2021,3 ,true
2.3,32,,2021,3 ,true
5.9,32,,2021,3 ,true
0.7,32,,2021,3 ,true
2.6,32,,2021,3 ,true
2.9,32,,2021,3 ,true
0.1,32,,2021,3 ,true
2.6,32,,2021,3 ,true
2.6,32,,2021,3 ,true
4.7,32,,2021,3 ,true
10.3,32,,2021,3 ,true
,32,,2021,3 ,true
12.7,32,,2021,3 ,true
8.2,32,,2021,3 ,true
8.7,32,,2021,3 ,true
6.9,32,,2021,3 ,true
2.5,32,,2021,3 ,true
22.1,32,,2021,3 ,true
12.8,32,,2021,3 ,true
11.2,32,,2021,3 ,true
9.0,32,,2021,3 ,true
9.0,,2,2021,3 ,false
9.0,,2,2021,3 ,false
17.3,32,,2021,3 ,true
4.2,32,,2021,3 ,true
9.4,32,,2021,3 ,true
9.4,,2,2021,3 ,false
4.8,32,,2021,3 ,true
7.1,32,,2021,3 ,true
9.0,32,,2021,3 ,true
16.7,32,,2021,3 ,true
10.6,32,,2021,3 ,true
13.7,32,,2021,3 ,true
4.1,32,,2021,3 ,true
18.9,32,,2021,3 ,true
13.2,32,,2021,3 ,true
12.4,32,,2021,3 ,true
5.9,32,,2021,3 ,true
16.8,32,,2021,3 ,true
8.8,32,,2021,3 ,true
8.9,32,,2021,3 ,true
11.5,32,,2021,3 ,true
5.9,32,,2021,3 ,true
11.3,32,,2021,3 ,true
12.9,32,,2021,3 ,true
8.0,32,,2021,3 ,true
35.6,32,,2021,3 ,true
,32,,2021,3 ,true
161.14,0,,2021,4 ,true
129.61,1,,2021,4 ,true
154.48,2,,2021,4 ,true
103.44,3,,2021,4 ,true
200.6,4,,2021,4 ,true
162.5,5,,2021,4 ,true
137.57,6,,2021,4 ,true
139.57,7,,2021,4 ,true
139.57,,0,2021,4 ,false
139.62,,1,2021,4 ,false
163.78,8,,2021,4 ,true
135.58,9,,2021,4 ,true
141.99,10,,2021,4 ,true
142.75,,2,2021,4 ,false
111.12,11,,2021,4 ,true
127.52,12,,2021,4 ,true
144.99,13,,2021,4 ,true
219.86,14,,2021,4 ,true
155.1,15,,2021,4 ,true
188.09,16,,2021,4 ,true
104.0,17,,2021,4 ,true
175.36,18,,2021,4 ,true
179.48,19,,2021,4 ,true
171.79,20,,2021,4 ,true
138.99,21,,2021,4 ,true
175.2,22,,2021,4 ,true
138.48,23,,2021,4 ,true
155.15,24,,2021,4 ,true
175.96,25,,2021,4 ,true
137.51,26,,2021,4 ,true
138.62,27,,2021,4 ,true
160.26,28,,2021,4 ,true
163.28,29,,2021,4 ,true
306.6,30,,2021,4 ,true
,31,,2021,4 ,true
3.1,31,,2021,4 ,true
0.1,31,,2021,4 ,true
2.4,31,,2021,4 ,true
2.6,32,,2021,4 ,true
-3.1,32,,2021,4 ,true
5.7,32,,2021,4 ,true
2.7,32,,2021,4 ,true
-2.0,32,,2021,4 ,true
1.9,32,,2021,4 ,true
1.9,,2,2021,4 ,false
1.9,,2,2021,4 ,false
6.6,32,,2021,4 ,true
1.2,32,,2021,4 ,true
2.1,32,,2021,4 ,true
2.1,,2,2021,4 ,false
0.2,32,,2021,4 ,true
1.1,32,,2021,4 ,true
2.5,32,,2021,4 ,true
3.7,32,,2021,4 ,true
4.2,32,,2021,4 ,true
4.0,32,,2021,4 ,true
0.1,32,,2021,4 ,true
4.7,32,,2021,4 ,true
3.6,32,,2021,4 ,true
3.9,32,,2021,4 ,true
1.1,32,,2021,4 ,true
3.8,32,,2021,4 ,true
-0.7,32,,2021,4 ,true
3.9,32,,2021,4 ,true
2.7,32,,2021,4 ,true
2.8,32,,2021,4 ,true
1.3,32,,2021,4 ,true
4.6,32,,2021,4 ,true
3.6,32,,2021,4 ,true
24.4,32,,2021,4 ,true
,32,,2021,4 ,true
15.4,32,,2021,4 ,true
6.0,32,,2021,4 ,true
9.4,32,,2021,4 ,true
7.3,32,,2021,4 ,true
-5.2,32,,2021,4 ,true
25.8,32,,2021,4 ,true
12.6,32,,2021,4 ,true
6.7,32,,2021,4 ,true
9.5,32,,2021,4 ,true
9.5,,2,2021,4 ,false
9.5,,2,2021,4 ,false
20.4,32,,2021,4 ,true
6.3,32,,2021,4 ,true
10.2,32,,2021,4 ,true
10.2,,2,2021,4 ,false
3.9,32,,2021,4 ,true
6.9,32,,2021,4 ,true
9.1,32,,2021,4 ,true
22.8,32,,2021,4 ,true
13.8,32,,2021,4 ,true
15.7,32,,2021,4 ,true
4.0,32,,2021,4 ,true
19.8,32,,2021,4 ,true
12.1,32,,2021,4 ,true
16.1,32,,2021,4 ,true
4.5,32,,2021,4 ,true
18.8,32,,2021,4 ,true
7.7,32,,2021,4 ,true
12.1,32,,2021,4 ,true
11.6,32,,2021,4 ,true
7.5,32,,2021,4 ,true
10.9,32,,2021,4 ,true
15.8,32,,2021,4 ,true
10.7,32,,2021,4 ,true
59.8,32,,2021,4 ,true
,32,,2021,4 ,true
165.94,0,,2022,1 ,true
131.47,1,,2022,1 ,true
162.52,2,,2022,1 ,true
103.95,3,,2022,1 ,true
210.0,4,,2022,1 ,true
163.2,5,,2022,1 ,true
140.64,6,,2022,1 ,true
141.81,7,,2022,1 ,true
141.81,,0,2022,1 ,false
141.89,,1,2022,1 ,false
175.37,8,,2022,1 ,true
139.05,9,,2022,1 ,true
144.84,10,,2022,1 ,true
145.62,,2,2022,1 ,false
112.23,11,,2022,1 ,true
128.6,12,,2022,1 ,true
152.25,13,,2022,1 ,true
241.42,14,,2022,1 ,true
159.07,15,,2022,1 ,true
196.06,16,,2022,1 ,true
105.7,17,,2022,1 ,true
183.12,18,,2022,1 ,true
184.34,19,,2022,1 ,true
176.06,20,,2022,1 ,true
139.69,21,,2022,1 ,true
182.98,22,,2022,1 ,true
144.62,23,,2022,1 ,true
160.3,24,,2022,1 ,true
182.64,25,,2022,1 ,true
139.82,26,,2022,1 ,true
142.19,27,,2022,1 ,true
166.78,28,,2022,1 ,true
166.46,29,,2022,1 ,true
430.8,30,,2022,1 ,true
,31,,2022,1 ,true
3.0,31,,2022,1 ,true
1.4,31,,2022,1 ,true
5.2,31,,2022,1 ,true
-0.4,32,,2022,1 ,true
0.5,32,,2022,1 ,true
4.7,32,,2022,1 ,true
0.4,32,,2022,1 ,true
2.2,32,,2022,1 ,true
1.6,32,,2022,1 ,true
1.6,,2,2022,1 ,false
1.6,,2,2022,1 ,false
7.1,32,,2022,1 ,true
2.6,32,,2022,1 ,true
2.0,32,,2022,1 ,true
2.0,,2,2022,1 ,false
1.0,32,,2022,1 ,true
0.8,32,,2022,1 ,true
5.0,32,,2022,1 ,true
9.8,32,,2022,1 ,true
2.6,32,,2022,1 ,true
4.2,32,,2022,1 ,true
1.6,32,,2022,1 ,true
4.4,32,,2022,1 ,true
2.7,32,,2022,1 ,true
2.5,32,,2022,1 ,true
0.5,32,,2022,1 ,true
4.4,32,,2022,1 ,true
4.4,32,,2022,1 ,true
3.3,32,,2022,1 ,true
3.8,32,,2022,1 ,true
1.7,32,,2022,1 ,true
2.6,32,,2022,1 ,true
4.1,32,,2022,1 ,true
1.9,32,,2022,1 ,true
40.5,32,,2022,1 ,true
,32,,2022,1 ,true
14.7,32,,2022,1 ,true
6.5,32,,2022,1 ,true
11.5,32,,2022,1 ,true
7.0,32,,2022,1 ,true
1.1,32,,2022,1 ,true
24.3,32,,2022,1 ,true
11.6,32,,2022,1 ,true
4.2,32,,2022,1 ,true
9.8,32,,2022,1 ,true
9.8,,2,2022,1 ,false
9.8,,2,2022,1 ,false
21.0,32,,2022,1 ,true
8.5,32,,2022,1 ,true
10.4,32,,2022,1 ,true
10.4,,2,2022,1 ,false
3.4,32,,2022,1 ,true
7.0,32,,2022,1 ,true
13.5,32,,2022,1 ,true
23.2,32,,2022,1 ,true
15.0,32,,2022,1 ,true
17.9,32,,2022,1 ,true
4.5,32,,2022,1 ,true
19.1,32,,2022,1 ,true
10.3,32,,2022,1 ,true
17.4,32,,2022,1 ,true
6.8,32,,2022,1 ,true
19.3,32,,2022,1 ,true
7.8,32,,2022,1 ,true
13.6,32,,2022,1 ,true
12.9,32,,2022,1 ,true
6.4,32,,2022,1 ,true
10.3,32,,2022,1 ,true
16.9,32,,2022,1 ,true
14.2,32,,2022,1 ,true
110.0,32,,2022,1 ,true
,32,,2022,1 ,true
169.47,0,,2022,2 ,true
133.17,1,,2022,2 ,true
167.58,2,,2022,2 ,true
106.35,3,,2022,2 ,true
217.2,4,,2022,2 ,true
166.6,5,,2022,2 ,true
142.51,6,,2022,2 ,true
144.91,7,,2022,2 ,true
144.91,,0,2022,2 ,false
145.01,,1,2022,2 ,false
189.36,8,,2022,2 ,true
141.71,9,,2022,2 ,true
148.12,10,,2022,2 ,true
148.91,,2,2022,2 ,false
113.81,11,,2022,2 ,true
130.83,12,,2022,2 ,true
157.94,13,,2022,2 ,true
255.23,14,,2022,2 ,true
161.89,15,,2022,2 ,true
211.23,16,,2022,2 ,true
108.1,17,,2022,2 ,true
193.91,18,,2022,2 ,true
188.4,19,,2022,2 ,true
185.56,20,,2022,2 ,true
144.63,21,,2022,2 ,true
188.33,22,,2022,2 ,true
147.68,23,,2022,2 ,true
163.5,24,,2022,2 ,true
188.31,25,,2022,2 ,true
144.94,26,,2022,2 ,true
142.86,27,,2022,2 ,true
172.56,28,,2022,2 ,true
175.62,29,,2022,2 ,true
582.4,30,,2022,2 ,true
,31,,2022,2 ,true
2.1,31,,2022,2 ,true
1.3,31,,2022,2 ,true
3.1,31,,2022,2 ,true
2.7,32,,2022,2 ,true
2.3,32,,2022,2 ,true
3.4,32,,2022,2 ,true
2.1,32,,2022,2 ,true
1.3,32,,2022,2 ,true
2.2,32,,2022,2 ,true
2.2,,2,2022,2 ,false
2.2,,2,2022,2 ,false
8.0,32,,2022,2 ,true
1.9,32,,2022,2 ,true
2.3,32,,2022,2 ,true
2.3,,2,2022,2 ,false
1.4,32,,2022,2 ,true
1.7,32,,2022,2 ,true
3.7,32,,2022,2 ,true
5.7,32,,2022,2 ,true
1.8,32,,2022,2 ,true
7.7,32,,2022,2 ,true
2.3,32,,2022,2 ,true
5.9,32,,2022,2 ,true
2.2,32,,2022,2 ,true
5.4,32,,2022,2 ,true
3.5,32,,2022,2 ,true
2.9,32,,2022,2 ,true
2.1,32,,2022,2 ,true
2.0,32,,2022,2 ,true
3.1,32,,2022,2 ,true
3.7,32,,2022,2 ,true
0.5,32,,2022,2 ,true
3.5,32,,2022,2 ,true
5.5,32,,2022,2 ,true
35.2,32,,2022,2 ,true
,32,,2022,2 ,true
12.3,32,,2022,2 ,true
5.9,32,,2022,2 ,true
14.6,32,,2022,2 ,true
7.5,32,,2022,2 ,true
2.0,32,,2022,2 ,true
22.3,32,,2022,2 ,true
9.7,32,,2022,2 ,true
2.6,32,,2022,2 ,true
9.2,32,,2022,2 ,true
9.2,,2,2022,2 ,false
9.2,,2,2022,2 ,false
27.4,32,,2022,2 ,true
8.1,32,,2022,2 ,true
9.8,32,,2022,2 ,true
9.8,,2,2022,2 ,false
2.4,32,,2022,2 ,true
7.1,32,,2022,2 ,true
13.6,32,,2022,2 ,true
24.9,32,,2022,2 ,true
14.3,32,,2022,2 ,true
20.7,32,,2022,2 ,true
5.2,32,,2022,2 ,true
22.1,32,,2022,2 ,true
11.7,32,,2022,2 ,true
16.3,32,,2022,2 ,true
7.6,32,,2022,2 ,true
18.1,32,,2022,2 ,true
6.7,32,,2022,2 ,true
12.4,32,,2022,2 ,true
13.2,32,,2022,2 ,true
8.5,32,,2022,2 ,true
7.1,32,,2022,2 ,true
15.6,32,,2022,2 ,true
16.6,32,,2022,2 ,true
160.7,32,,2022,2 ,true
,32,,2022,2 ,true
174.91,0,,2022,3 ,true
136.33,1,,2022,3 ,true
174.43,2,,2022,3 ,true
112.51,3,,2022,3 ,true
219.4,4,,2022,3 ,true
165.0,5,,2022,3 ,true
137.48,6,,2022,3 ,true
146.07,7,,2022,3 ,true
146.07,,0,2022,3 ,false
146.19,,1,2022,3 ,false
190.94,8,,2022,3 ,true
144.15,9,,2022,3 ,true
149.2,10,,2022,3 ,true
150.0,,2,2022,3 ,false
112.41,11,,2022,3 ,true
134.34,12,,2022,3 ,true
162.44,13,,2022,3 ,true
261.44,14,,2022,3 ,true
166.47,15,,2022,3 ,true
224.47,16,,2022,3 ,true
106.9,17,,2022,3 ,true
199.7,18,,2022,3 ,true
192.3,19,,2022,3 ,true
187.79,20,,2022,3 ,true
146.23,21,,2022,3 ,true
189.33,22,,2022,3 ,true
147.93,23,,2022,3 ,true
167.38,24,,2022,3 ,true
193.82,25,,2022,3 ,true
143.2,26,,2022,3 ,true
138.46,27,,2022,3 ,true
176.67,28,,2022,3 ,true
180.61,29,,2022,3 ,true
712.5,30,,2022,3 ,true
,31,,2022,3 ,true
3.2,31,,2022,3 ,true
2.4,31,,2022,3 ,true
4.1,31,,2022,3 ,true
1.2,32,,2022,3 ,true
5.8,32,,2022,3 ,true
1.0,32,,2022,3 ,true
-1.0,32,,2022,3 ,true
-3.5,32,,2022,3 ,true
0.8,32,,2022,3 ,true
0.8,,2,2022,3 ,false
0.8,,2,2022,3 ,false
0.8,32,,2022,3 ,true
1.7,32,,2022,3 ,true
0.7,32,,2022,3 ,true
0.7,,2,2022,3 ,false
-1.2,32,,2022,3 ,true
2.7,32,,2022,3 ,true
2.8,32,,2022,3 ,true
2.4,32,,2022,3 ,true
2.8,32,,2022,3 ,true
6.3,32,,2022,3 ,true
-1.1,32,,2022,3 ,true
3.0,32,,2022,3 ,true
2.1,32,,2022,3 ,true
1.2,32,,2022,3 ,true
1.1,32,,2022,3 ,true
0.5,32,,2022,3 ,true
0.2,32,,2022,3 ,true
2.4,32,,2022,3 ,true
2.9,32,,2022,3 ,true
-1.2,32,,2022,3 ,true
-3.1,32,,2022,3 ,true
2.4,32,,2022,3 ,true
2.8,32,,2022,3 ,true
22.3,32,,2022,3 ,true
,32,,2022,3 ,true
11.9,32,,2022,3 ,true
5.3,32,,2022,3 ,true
15.6,32,,2022,3 ,true
6.3,32,,2022,3 ,true
5.3,32,,2022,3 ,true
15.6,32,,2022,3 ,true
4.3,32,,2022,3 ,true
-2.1,32,,2022,3 ,true
6.6,32,,2022,3 ,true
6.6,,2,2022,3 ,false
6.7,,2,2022,3 ,false
24.2,32,,2022,3 ,true
7.6,32,,2022,3 ,true
7.3,32,,2022,3 ,true
7.3,,2,2022,3 ,false
1.3,32,,2022,3 ,true
6.5,32,,2022,3 ,true
14.8,32,,2022,3 ,true
23.4,32,,2022,3 ,true
11.9,32,,2022,3 ,true
24.1,32,,2022,3 ,true
2.9,32,,2022,3 ,true
19.3,32,,2022,3 ,true
11.0,32,,2022,3 ,true
13.6,32,,2022,3 ,true
6.3,32,,2022,3 ,true
12.1,32,,2022,3 ,true
6.1,32,,2022,3 ,true
12.1,32,,2022,3 ,true
13.1,32,,2022,3 ,true
7.0,32,,2022,3 ,true
1.1,32,,2022,3 ,true
15.4,32,,2022,3 ,true
14.6,32,,2022,3 ,true
189.0,32,,2022,3 ,true
,32,,2022,3 ,true
173.86,0,,2022,4 ,true
135.76,1,,2022,4 ,true
175.14,2,,2022,4 ,true
108.03,3,,2022,4 ,true
214.5,4,,2022,4 ,true
156.7,5,,2022,4 ,true
128.58,6,,2022,4 ,true
143.57,7,,2022,4 ,true
143.57,,0,2022,4 ,false
143.76,,1,2022,4 ,false
191.38,8,,2022,4 ,true
142.99,9,,2022,4 ,true
147.03,10,,2022,4 ,true
147.82,,2,2022,4 ,false
108.56,11,,2022,4 ,true
133.73,12,,2022,4 ,true
170.11,13,,2022,4 ,true
256.24,14,,2022,4 ,true
168.52,15,,2022,4 ,true
227.61,16,,2022,4 ,true
106.9,17,,2022,4 ,true
203.46,18,,2022,4 ,true
189.53,19,,2022,4 ,true
187.44,20,,2022,4 ,true
147.24,21,,2022,4 ,true
184.42,22,,2022,4 ,true
142.62,23,,2022,4 ,true
169.64,24,,2022,4 ,true
195.91,25,,2022,4 ,true
146.83,26,,2022,4 ,true
133.49,27,,2022,4 ,true
178.41,28,,2022,4 ,true
179.18,29,,2022,4 ,true
821.2,30,,2022,4 ,true
,31,,2022,4 ,true
-0.6,31,,2022,4 ,true
-0.4,31,,2022,4 ,true
0.4,31,,2022,4 ,true
1.2,32,,2022,4 ,true
-4.0,32,,2022,4 ,true
-2.2,32,,2022,4 ,true
-5.0,32,,2022,4 ,true
-6.5,32,,2022,4 ,true
-1.7,32,,2022,4 ,true
-1.7,,2,2022,4 ,false
-1.7,,2,2022,4 ,false
0.2,32,,2022,4 ,true
-0.8,32,,2022,4 ,true
-1.5,32,,2022,4 ,true
-1.5,,2,2022,4 ,false
-3.4,32,,2022,4 ,true
-0.5,32,,2022,4 ,true
4.7,32,,2022,4 ,true
-2.0,32,,2022,4 ,true
1.2,32,,2022,4 ,true
1.4,32,,2022,4 ,true
0.0,32,,2022,4 ,true
1.9,32,,2022,4 ,true
-1.4,32,,2022,4 ,true
-0.2,32,,2022,4 ,true
0.7,32,,2022,4 ,true
-2.6,32,,2022,4 ,true
-3.6,32,,2022,4 ,true
1.4,32,,2022,4 ,true
1.1,32,,2022,4 ,true
2.5,32,,2022,4 ,true
-3.6,32,,2022,4 ,true
1.0,32,,2022,4 ,true
-0.8,32,,2022,4 ,true
15.3,32,,2022,4 ,true
,32,,2022,4 ,true
7.9,32,,2022,4 ,true
4.7,32,,2022,4 ,true
13.4,32,,2022,4 ,true
4.8,32,,2022,4 ,true
4.4,32,,2022,4 ,true
6.9,32,,2022,4 ,true
-3.6,32,,2022,4 ,true
-6.5,32,,2022,4 ,true
2.9,32,,2022,4 ,true
2.9,,2,2022,4 ,false
3.0,,2,2022,4 ,false
16.9,32,,2022,4 ,true
5.5,32,,2022,4 ,true
3.5,32,,2022,4 ,true
3.6,,2,2022,4 ,false
-2.3,32,,2022,4 ,true
4.9,32,,2022,4 ,true
17.3,32,,2022,4 ,true
16.5,32,,2022,4 ,true
8.7,32,,2022,4 ,true
21.0,32,,2022,4 ,true
2.8,32,,2022,4 ,true
16.0,32,,2022,4 ,true
5.6,32,,2022,4 ,true
9.1,32,,2022,4 ,true
5.9,32,,2022,4 ,true
5.3,32,,2022,4 ,true
3.0,32,,2022,4 ,true
9.3,32,,2022,4 ,true
11.3,32,,2022,4 ,true
6.8,32,,2022,4 ,true
-3.7,32,,2022,4 ,true
11.3,32,,2022,4 ,true
9.7,32,,2022,4 ,true
167.8,32,,2022,4 ,true
,32,,2022,4 ,true
